{
    "total_runtime": 13774.177530527115,
    "num_documents": 2898,
    "input_load_time": 0,
    "workflows": {
        "create_base_text_units": {
            "overall": 3.1255578994750977,
            "0_orderby": 0.0036554336547851562,
            "1_zip": 0.0037364959716796875,
            "2_aggregate_override": 0.04195380210876465,
            "3_chunk": 2.970369577407837,
            "4_select": 0.0015981197357177734,
            "5_unroll": 0.00372314453125,
            "6_rename": 0.0010304450988769531,
            "7_genid": 0.06174135208129883,
            "8_unzip": 0.003381967544555664,
            "9_copy": 0.0007796287536621094,
            "10_filter": 0.03306865692138672
        },
        "create_base_extracted_entities": {
            "overall": 11910.675158977509,
            "0_entity_extract": 11908.791208028793,
            "1_merge_graphs": 1.7506587505340576,
            "2_snapshot_rows": 0.13283538818359375
        },
        "create_summarized_entities": {
            "overall": 688.6900939941406,
            "0_summarize_descriptions": 688.5680766105652,
            "1_snapshot_rows": 0.12172675132751465
        },
        "create_base_entity_graph": {
            "overall": 8.04650592803955,
            "0_cluster_graph": 6.65229606628418,
            "1_snapshot_rows": 0.747896671295166,
            "2_snapshot_rows": 0.6436789035797119,
            "3_select": 0.002019643783569336
        },
        "create_final_entities": {
            "overall": 23.614219903945923,
            "0_unpack_graph": 2.2390432357788086,
            "1_rename": 0.002092599868774414,
            "2_select": 0.0022704601287841797,
            "3_dedupe": 0.003962516784667969,
            "4_rename": 0.0010714530944824219,
            "5_filter": 0.03655242919921875,
            "6_text_split": 0.04168224334716797,
            "7_drop": 0.001241445541381836,
            "8_merge": 0.5766026973724365,
            "9_text_embed": 20.670297145843506,
            "10_drop": 0.0016934871673583984,
            "11_filter": 0.037178754806518555
        },
        "create_final_nodes": {
            "overall": 14.98488163948059,
            "0_layout_graph": 9.300082445144653,
            "1_unpack_graph": 2.7970473766326904,
            "2_unpack_graph": 2.6221725940704346,
            "3_drop": 0.004217863082885742,
            "4_filter": 0.21562552452087402,
            "5_select": 0.001224517822265625,
            "6_rename": 0.0010578632354736328,
            "7_join": 0.03146982192993164,
            "8_convert": 0.0043413639068603516,
            "9_rename": 0.007073640823364258
        },
        "create_final_communities": {
            "overall": 6.0638134479522705,
            "0_create_final_communities": 6.063450574874878
        },
        "create_final_relationships": {
            "overall": 2.914573907852173,
            "0_create_final_relationships_pre_embedding": 2.895308256149292,
            "1_create_final_relationships_post_embedding": 0.018840789794921875
        },
        "create_final_text_units": {
            "overall": 0.20253682136535645,
            "0_create_final_text_units_pre_embedding": 0.2010352611541748,
            "1_select": 0.0012040138244628906
        },
        "create_final_community_reports": {
            "overall": 1109.1904301643372,
            "0_prepare_community_reports_nodes": 0.22257637977600098,
            "1_prepare_community_reports_edges": 0.08694577217102051,
            "2_restore_community_hierarchy": 0.1223900318145752,
            "3_prepare_community_reports": 3.3487448692321777,
            "4_create_community_reports": 1105.4016087055206,
            "5_window": 0.0040128231048583984
        },
        "create_base_documents": {
            "overall": 0.08939313888549805,
            "0_unroll": 0.007771015167236328,
            "1_select": 0.0012161731719970703,
            "2_rename": 0.0012469291687011719,
            "3_join": 0.017426729202270508,
            "4_aggregate_override": 0.04685211181640625,
            "5_join": 0.009413719177246094,
            "6_rename": 0.0012805461883544922,
            "7_convert": 0.0037860870361328125
        },
        "create_final_documents": {
            "overall": 0.0018544197082519531,
            "0_rename": 0.0015475749969482422
        }
    }
}